"file","line","class","ret","name","args","suffix","sig"
"VmProtect/modules\base\core\zBitCodec.h","19","BitWriter6","void","write6","uint32_t value","","void write6(uint32_t value)"
"VmProtect/modules\base\core\zBitCodec.h","21","BitWriter6","void","writeExtU32","uint32_t value","","void writeExtU32(uint32_t value)"
"VmProtect/modules\base\core\zBitCodec.h","23","BitWriter6","std::vector<uint8_t>","finish","","","std::vector<uint8_t> finish()"
"VmProtect/modules\base\core\zBitCodec.h","39","BitReader6","","BitReader6","const uint8_t* data, size_t len","","BitReader6(const uint8_t* data, size_t len)"
"VmProtect/modules\base\core\zBitCodec.h","42","BitReader6","bool","read6","uint32_t* out","","bool read6(uint32_t* out)"
"VmProtect/modules\base\core\zBitCodec.h","44","BitReader6","bool","readExtU32","uint32_t* out","","bool readExtU32(uint32_t* out)"
"VmProtect/modules\base\core\zBitCodec.h","56","","void","writeU64AsU32Pair","BitWriter6* writer, uint64_t value","","void writeU64AsU32Pair(BitWriter6* writer, uint64_t value)"
"VmProtect/modules\base\core\zBitCodec.h","58","","bool","readU64FromU32Pair","BitReader6* reader, uint64_t* out","","bool readU64FromU32Pair(BitReader6* reader, uint64_t* out)"
"VmProtect/modules\base\core\zBytes.h","16","","bool","validateRegionAllowEmpty","uint32_t header_size, uint32_t total_size, uint32_t off, uint32_t cap, const char* name, std::string* error","","bool validateRegionAllowEmpty(uint32_t header_size, uint32_t total_size, uint32_t off, uint32_t cap, const char* name, std::string* error)"
"VmProtect/modules\base\core\zBytes.h","25","","bool","validateUsedRegion","uint32_t header_size, uint32_t total_size, uint32_t off, uint32_t cap, uint32_t used, const char* name, std::string* error","","bool validateUsedRegion(uint32_t header_size, uint32_t total_size, uint32_t off, uint32_t cap, uint32_t used, const char* name, std::string* error)"
"VmProtect/modules\base\core\zBytes.h","35","","bool","writeRegionPadded","std::vector<uint8_t>* bytes, uint64_t base_off, uint32_t off, uint32_t cap, const std::vector<uint8_t>& payload, std::string* error","","bool writeRegionPadded(std::vector<uint8_t>* bytes, uint64_t base_off, uint32_t off, uint32_t cap, const std::vector<uint8_t>& payload, std::string* error)"
"VmProtect/modules\base\core\zChecksum.h","15","","uint32_t","crc32IeeeInit","","","uint32_t crc32IeeeInit()"
"VmProtect/modules\base\core\zChecksum.h","17","","uint32_t","crc32IeeeUpdate","uint32_t crc, const uint8_t* data, size_t size","","uint32_t crc32IeeeUpdate(uint32_t crc, const uint8_t* data, size_t size)"
"VmProtect/modules\base\core\zChecksum.h","19","","uint32_t","crc32IeeeFinal","uint32_t crc","","uint32_t crc32IeeeFinal(uint32_t crc)"
"VmProtect/modules\base\core\zChecksum.h","22","","uint32_t","crc32Ieee","const uint8_t* data, size_t size","","uint32_t crc32Ieee(const uint8_t* data, size_t size)"
"VmProtect/modules\base\core\zChecksum.h","24","","uint32_t","crc32Ieee","const std::vector<uint8_t>& data","","uint32_t crc32Ieee(const std::vector<uint8_t>& data)"
"VmProtect/modules\base\core\zCodec.h","17","","bool","readU32Le","const std::vector<uint8_t>& bytes, size_t offset, uint32_t* out","","bool readU32Le(const std::vector<uint8_t>& bytes, size_t offset, uint32_t* out)"
"VmProtect/modules\base\core\zCodec.h","19","","bool","writeU32Le","std::vector<uint8_t>* bytes, size_t offset, uint32_t value","","bool writeU32Le(std::vector<uint8_t>* bytes, size_t offset, uint32_t value)"
"VmProtect/modules\base\core\zCodec.h","21","","void","appendU32Le","std::vector<uint8_t>* out, uint32_t value","","void appendU32Le(std::vector<uint8_t>* out, uint32_t value)"
"VmProtect/modules\base\core\zCodec.h","23","","bool","readU64Le","const std::vector<uint8_t>& bytes, size_t offset, uint64_t* out","","bool readU64Le(const std::vector<uint8_t>& bytes, size_t offset, uint64_t* out)"
"VmProtect/modules\base\core\zCodec.h","25","","bool","writeU64Le","std::vector<uint8_t>* bytes, size_t offset, uint64_t value","","bool writeU64Le(std::vector<uint8_t>* bytes, size_t offset, uint64_t value)"
"VmProtect/modules\base\core\zCodec.h","27","","void","appendU64Le","std::vector<uint8_t>* out, uint64_t value","","void appendU64Le(std::vector<uint8_t>* out, uint64_t value)"
"VmProtect/modules\base\core\zCodec.h","29","","void","appendU32LeArray","std::vector<uint8_t>* out, const uint32_t* values, size_t count","","void appendU32LeArray(std::vector<uint8_t>* out, const uint32_t* values, size_t count)"
"VmProtect/modules\base\core\zCodec.h","31","","void","appendU64LeArray","std::vector<uint8_t>* out, const uint64_t* values, size_t count","","void appendU64LeArray(std::vector<uint8_t>* out, const uint64_t* values, size_t count)"
"VmProtect/modules\base\core\zCodec.h","33","","bool","readU32LeAdvance","const std::vector<uint8_t>& bytes, size_t* cursor, uint32_t* out","","bool readU32LeAdvance(const std::vector<uint8_t>& bytes, size_t* cursor, uint32_t* out)"
"VmProtect/modules\base\core\zCodec.h","35","","bool","readU64LeAdvance","const std::vector<uint8_t>& bytes, size_t* cursor, uint64_t* out","","bool readU64LeAdvance(const std::vector<uint8_t>& bytes, size_t* cursor, uint64_t* out)"
"VmProtect/modules\base\core\zCodec.h","37","","void","appendStringU32Le","std::vector<uint8_t>* out, const std::string& value","","void appendStringU32Le(std::vector<uint8_t>* out, const std::string& value)"
"VmProtect/modules\base\core\zCodec.h","39","","bool","readStringU32LeAdvance","const std::vector<uint8_t>& bytes, size_t* cursor, std::string* out","","bool readStringU32LeAdvance(const std::vector<uint8_t>& bytes, size_t* cursor, std::string* out)"
"VmProtect/modules\base\core\zHash.h","11","","uint32_t","elfSysvHash","const char* name","","uint32_t elfSysvHash(const char* name)"
"VmProtect/modules\base\core\zHash.h","13","","uint32_t","elfGnuHash","const char* name","","uint32_t elfGnuHash(const char* name)"
"VmProtect/modules\base\core\zHash.h","15","","uint32_t","chooseBucketCount","uint32_t nchain","","uint32_t chooseBucketCount(uint32_t nchain)"
"VmProtect/modules\base\core\zIo.h","15","","bool","fileExists","const std::string& path","","bool fileExists(const std::string& path)"
"VmProtect/modules\base\core\zIo.h","17","","bool","ensureDirectory","const std::string& path","","bool ensureDirectory(const std::string& path)"
"VmProtect/modules\base\core\zIo.h","19","","bool","readFileBytes","const char* path, std::vector<uint8_t>* out","","bool readFileBytes(const char* path, std::vector<uint8_t>* out)"
"VmProtect/modules\base\core\zIo.h","21","","bool","writeFileBytes","const std::string& path, const std::vector<uint8_t>& data","","bool writeFileBytes(const std::string& path, const std::vector<uint8_t>& data)"
"VmProtect/modules\elfkit\api\zElfKit.h","33","FunctionView","bool","valid","","const","bool valid() const"
"VmProtect/modules\elfkit\api\zElfKit.h","35","FunctionView","const std::string&","name","","const","const std::string& name() const"
"VmProtect/modules\elfkit\api\zElfKit.h","37","FunctionView","uint64_t","offset","","const","uint64_t offset() const"
"VmProtect/modules\elfkit\api\zElfKit.h","39","FunctionView","size_t","size","","const","size_t size() const"
"VmProtect/modules\elfkit\api\zElfKit.h","41","FunctionView","const uint8_t*","data","","const","const uint8_t* data() const"
"VmProtect/modules\elfkit\api\zElfKit.h","44","FunctionView","bool","prepareTranslation","std::string* error = nullptr","const","bool prepareTranslation(std::string* error = nullptr) const"
"VmProtect/modules\elfkit\api\zElfKit.h","46","FunctionView","bool","dump","const char* file_path, DumpMode mode","const","bool dump(const char* file_path, DumpMode mode) const"
"VmProtect/modules\elfkit\api\zElfKit.h","48","FunctionView","const std::vector<uint64_t>&","sharedBranchAddrs","","const","const std::vector<uint64_t>& sharedBranchAddrs() const"
"VmProtect/modules\elfkit\api\zElfKit.h","50","FunctionView","bool","remapBlToSharedBranchAddrs","const std::vector<uint64_t>& shared_branch_addrs","const","bool remapBlToSharedBranchAddrs(const std::vector<uint64_t>& shared_branch_addrs) const"
"VmProtect/modules\elfkit\api\zElfKit.h","56","FunctionView","explicit","FunctionView","void* impl_ptr","","explicit FunctionView(void* impl_ptr)"
"VmProtect/modules\elfkit\api\zElfKit.h","65","ElfImage","explicit","ElfImage","const char* elf_path","","explicit ElfImage(const char* elf_path)"
"VmProtect/modules\elfkit\api\zElfKit.h","67","ElfImage","","~ElfImage","","","~ElfImage()"
"VmProtect/modules\elfkit\api\zElfKit.h","74","ElfImage","","ElfImage","ElfImage&& other","noexcept","ElfImage(ElfImage&& other) noexcept"
"VmProtect/modules\elfkit\api\zElfKit.h","76","ElfImage","ElfImage&","operator=","ElfImage&& other","noexcept","ElfImage& operator=(ElfImage&& other) noexcept"
"VmProtect/modules\elfkit\api\zElfKit.h","79","ElfImage","bool","loaded","","const","bool loaded() const"
"VmProtect/modules\elfkit\api\zElfKit.h","81","ElfImage","FunctionView","findFunction","const std::string& symbol_name","","FunctionView findFunction(const std::string& symbol_name)"
"VmProtect/modules\elfkit\api\zElfKit.h","83","ElfImage","std::vector<FunctionView>","listFunctions","","","std::vector<FunctionView> listFunctions()"
"VmProtect/modules\elfkit\api\zElfReadFacade.h","23","zElfReadFacade","explicit","zElfReadFacade","const char* elfPath) : image_(elfPath","","explicit zElfReadFacade(const char* elfPath) : image_(elfPath)"
"VmProtect/modules\elfkit\api\zElfReadFacade.h","26","zElfReadFacade","bool","loaded","","const","bool loaded() const"
"VmProtect/modules\elfkit\api\zElfReadFacade.h","29","zElfReadFacade","bool","validate","std::string* error = nullptr","const","bool validate(std::string* error = nullptr) const"
"VmProtect/modules\elfkit\api\zElfReadFacade.h","32","zElfReadFacade","bool","resolveSymbol","const char* symbolName, PatchSymbolInfo* outInfo","const","bool resolveSymbol(const char* symbolName, PatchSymbolInfo* outInfo) const"
"VmProtect/modules\elfkit\api\zElfReadFacade.h","37","zElfReadFacade","bool","collectDefinedDynamicExportInfos","std::vector<PatchDynamicExportInfo>* outExports, std::string* error","const","bool collectDefinedDynamicExportInfos(std::vector<PatchDynamicExportInfo>* outExports, std::string* error) const"
"VmProtect/modules\elfkit\api\zElfReadFacade.h","43","zElfReadFacade","bool","queryRequiredSections","PatchRequiredSections* out, std::string* error","const","bool queryRequiredSections(PatchRequiredSections* out, std::string* error) const"
"VmProtect/modules\elfkit\api\zPatchbayApi.h","106","PatchElfImage","explicit","PatchElfImage","const char* elf_path","","explicit PatchElfImage(const char* elf_path)"
"VmProtect/modules\elfkit\api\zPatchbayApi.h","108","PatchElfImage","","~PatchElfImage","","","~PatchElfImage()"
"VmProtect/modules\elfkit\api\zPatchbayApi.h","115","PatchElfImage","","PatchElfImage","PatchElfImage&& other","noexcept","PatchElfImage(PatchElfImage&& other) noexcept"
"VmProtect/modules\elfkit\api\zPatchbayApi.h","117","PatchElfImage","PatchElfImage&","operator=","PatchElfImage&& other","noexcept","PatchElfImage& operator=(PatchElfImage&& other) noexcept"
"VmProtect/modules\elfkit\api\zPatchbayApi.h","120","PatchElfImage","bool","loaded","","const","bool loaded() const"
"VmProtect/modules\elfkit\api\zPatchbayApi.h","122","PatchElfImage","bool","validate","std::string* error = nullptr","const","bool validate(std::string* error = nullptr) const"
"VmProtect/modules\elfkit\api\zPatchbayApi.h","125","PatchElfImage","bool","resolveSymbol","const char* symbol_name, PatchSymbolInfo* out_info","const","bool resolveSymbol(const char* symbol_name, PatchSymbolInfo* out_info) const"
"VmProtect/modules\elfkit\api\zPatchbayApi.h","128","PatchElfImage","bool","collectDefinedDynamicExportInfos","std::vector<PatchDynamicExportInfo>* out_exports, std::string* error","const","bool collectDefinedDynamicExportInfos(std::vector<PatchDynamicExportInfo>* out_exports, std::string* error) const"
"VmProtect/modules\elfkit\api\zPatchbayApi.h","132","PatchElfImage","bool","queryRequiredSections","PatchRequiredSections* out, std::string* error","const","bool queryRequiredSections(PatchRequiredSections* out, std::string* error) const"
"VmProtect/modules\elfkit\core\zElf.h","39","zElf","","zElf","","","zElf()"
"VmProtect/modules\elfkit\core\zElf.h","41","zElf","","zElf","const char* elf_file_name","","zElf(const char* elf_file_name)"
"VmProtect/modules\elfkit\core\zElf.h","43","zElf","","~zElf","","","~zElf()"
"VmProtect/modules\elfkit\core\zElf.h","54","zElf","void","parseElfHead","","","void parseElfHead()"
"VmProtect/modules\elfkit\core\zElf.h","67","zElf","void","parseProgramHeaderTable","","","void parseProgramHeaderTable()"
"VmProtect/modules\elfkit\core\zElf.h","82","zElf","void","parseSectionTable","","","void parseSectionTable()"
"VmProtect/modules\elfkit\core\zElf.h","108","zElf","void","parseDynamicTable","","","void parseDynamicTable()"
"VmProtect/modules\elfkit\core\zElf.h","111","zElf","bool","loadElfFile","const char* elf_path","","bool loadElfFile(const char* elf_path)"
"VmProtect/modules\elfkit\core\zElf.h","114","zElf","void","printLayout","","","void printLayout()"
"VmProtect/modules\elfkit\core\zElf.h","118","zElf","bool","relocateAndExpandPht","int extra_entries, const char* output_path","","bool relocateAndExpandPht(int extra_entries, const char* output_path)"
"VmProtect/modules\elfkit\core\zElf.h","121","zElf","Elf64_Addr","findSymbolOffsetByDynamic","const char* symbol_name","","Elf64_Addr findSymbolOffsetByDynamic(const char* symbol_name)"
"VmProtect/modules\elfkit\core\zElf.h","123","zElf","Elf64_Addr","findSymbolOffsetBySection","const char* symbol_name","","Elf64_Addr findSymbolOffsetBySection(const char* symbol_name)"
"VmProtect/modules\elfkit\core\zElf.h","125","zElf","Elf64_Addr","findSymbolOffset","const char* symbol_name","","Elf64_Addr findSymbolOffset(const char* symbol_name)"
"VmProtect/modules\elfkit\core\zElf.h","128","zElf","char*","getSymbolFileAddress","const char* symbol_name","","char* getSymbolFileAddress(const char* symbol_name)"
"VmProtect/modules\elfkit\core\zElf.h","131","zElf","Elf64_Sym*","findSymbolInfo","const char* symbol_name","","Elf64_Sym* findSymbolInfo(const char* symbol_name)"
"VmProtect/modules\elfkit\core\zElf.h","134","zElf","bool","buildFunctionList","","","bool buildFunctionList()"
"VmProtect/modules\elfkit\core\zElf.h","136","zElf","zFunction*","getFunction","const char* function_name","","zFunction* getFunction(const char* function_name)"
"VmProtect/modules\elfkit\core\zElf.h","138","zElf","const std::vector<zFunction>&","getFunctionList","","const","const std::vector<zFunction>& getFunctionList() const"
"VmProtect/modules\elfkit\core\zElf.h","142","zElf","bool","addFunctionFromSymbol","const char* symbol_name, Elf64_Xword symbol_size","","bool addFunctionFromSymbol(const char* symbol_name, Elf64_Xword symbol_size)"
"VmProtect/modules\elfkit\core\zElf.h","144","zElf","zFunction*","findFunctionInList","const char* function_name","","zFunction* findFunctionInList(const char* function_name)"
"VmProtect/modules\elfkit\core\zElfFile.h","46","","inline bool","fail","std::string* error, const char* message","","inline bool fail(std::string* error, const char* message)"
"VmProtect/modules\elfkit\core\zElfFile.h","55","","inline bool","loadElfFileBytes","const char* path, std::vector<uint8_t>* out, std::string* error","","inline bool loadElfFileBytes(const char* path, std::vector<uint8_t>* out, std::string* error)"
"VmProtect/modules\elfkit\core\zElfFile.h","78","","inline bool","validateElf64Aarch64","const uint8_t* bytes, size_t size, std::string* error","","inline bool validateElf64Aarch64(const uint8_t* bytes, size_t size, std::string* error)"
"VmProtect/modules\elfkit\core\zElfFile.h","108","","inline bool","validateTableRange","uint64_t offset, uint64_t entry_size, uint64_t entry_count, size_t file_size, const char* table_name, std::string* error","","inline bool validateTableRange(uint64_t offset, uint64_t entry_size, uint64_t entry_count, size_t file_size, const char* table_name, std::string* error)"
"VmProtect/modules\elfkit\core\zElfFile.h","141","","inline bool","parseElfFileView64Aarch64","const uint8_t* bytes, size_t size, ElfFileView64* out, std::string* error","","inline bool parseElfFileView64Aarch64(const uint8_t* bytes, size_t size, ElfFileView64* out, std::string* error)"
"VmProtect/modules\elfkit\core\zFunction.h","34","zFunction","explicit","zFunction","const zFunctionData& data","","explicit zFunction(const zFunctionData& data)"
"VmProtect/modules\elfkit\core\zFunction.h","42","zFunction","const std::string&","name","","const","const std::string& name() const"
"VmProtect/modules\elfkit\core\zFunction.h","43","zFunction","Elf64_Addr","offset","","const","Elf64_Addr offset() const"
"VmProtect/modules\elfkit\core\zFunction.h","44","zFunction","size_t","size","","const","size_t size() const"
"VmProtect/modules\elfkit\core\zFunction.h","45","zFunction","const uint8_t*","data","","const","const uint8_t* data() const"
"VmProtect/modules\elfkit\core\zFunction.h","46","zFunction","bool","empty","","const","bool empty() const"
"VmProtect/modules\elfkit\core\zFunction.h","52","zFunction","zFunction&","analyzeAssembly","","","zFunction& analyzeAssembly()"
"VmProtect/modules\elfkit\core\zFunction.h","53","zFunction","const std::vector<zInst>&","assemblyList","","const","const std::vector<zInst>& assemblyList() const"
"VmProtect/modules\elfkit\core\zFunction.h","54","zFunction","std::string","assemblyInfo","","const","std::string assemblyInfo() const"
"VmProtect/modules\elfkit\core\zFunction.h","58","zFunction","bool","dump","const char* file_path, DumpMode mode","const","bool dump(const char* file_path, DumpMode mode) const"
"VmProtect/modules\elfkit\core\zFunction.h","62","zFunction","bool","prepareTranslation","std::string* error = nullptr","const","bool prepareTranslation(std::string* error = nullptr) const"
"VmProtect/modules\elfkit\core\zFunction.h","65","zFunction","const std::string&","lastTranslationError","","const","const std::string& lastTranslationError() const"
"VmProtect/modules\elfkit\core\zFunction.h","69","zFunction","const std::vector<uint64_t>&","sharedBranchAddrs","","const","const std::vector<uint64_t>& sharedBranchAddrs() const"
"VmProtect/modules\elfkit\core\zFunction.h","73","zFunction","bool","remapBlToSharedBranchAddrs","const std::vector<uint64_t>& shared_branch_addrs","","bool remapBlToSharedBranchAddrs(const std::vector<uint64_t>& shared_branch_addrs)"
"VmProtect/modules\elfkit\core\zFunction.h","77","zFunction","void","ensureAsmReady","","const","void ensureAsmReady() const"
"VmProtect/modules\elfkit\core\zFunction.h","79","zFunction","void","ensureUnencodedReady","","const","void ensureUnencodedReady() const"
"VmProtect/modules\elfkit\core\zFunction.h","83","zFunction","void","setUnencodedCache","uint32_t register_count, std::vector<uint32_t> reg_id_list, uint32_t type_count, std::vector<uint32_t> type_tags, uint32_t init_value_count, std::map<uint64_t, std::vector<uint32_t>> inst_by_address, std::map<uint64_t, std::string> asm_by_address, uint32_t inst_count, uint32_t branch_count, std::vector<uint32_t> branch_words, std::vector<uint64_t> branch_addr_words","const","void setUnencodedCache( uint32_t register_count, std::vector<uint32_t> reg_id_list, uint32_t type_count, std::vector<uint32_t> type_tags, uint32_t init_value_count, std::map<uint64_t, std::vector<uint32_t>> inst_by_address, std::map<uint64_t, std::string> asm_by_address, uint32_t inst_count, uint32_t branch_count, std::vector<uint32_t> branch_words, std::vector<uint64_t> branch_addr_words ) const"
"VmProtect/modules\elfkit\core\zFunction.h","99","zFunction","void","rebuildAsmListFromUnencoded","","const","void rebuildAsmListFromUnencoded() const"
"VmProtect/modules\elfkit\core\zFunctionData.h","59","zFunctionData","bool","validate","std::string* error = nullptr","const","bool validate(std::string* error = nullptr) const"
"VmProtect/modules\elfkit\core\zFunctionData.h","62","zFunctionData","bool","serializeEncoded","std::vector<uint8_t>& out, std::string* error = nullptr","const","bool serializeEncoded(std::vector<uint8_t>& out, std::string* error = nullptr) const"
"VmProtect/modules\elfkit\core\zFunctionData.h","65","zFunctionData","static bool","deserializeEncoded","const uint8_t* data, size_t len, zFunctionData& out, std::string* error = nullptr","","static bool deserializeEncoded(const uint8_t* data, size_t len, zFunctionData& out, std::string* error = nullptr)"
"VmProtect/modules\elfkit\core\zFunctionData.h","67","zFunctionData","bool","encodedEquals","const zFunctionData& other, std::string* error = nullptr","const","bool encodedEquals(const zFunctionData& other, std::string* error = nullptr) const"
"VmProtect/modules\elfkit\core\zInst.h","28","zInst","","zInst","uint64_t address, std::vector<uint8_t> raw_bytes, uint32_t instruction_length, std::string asm_type, std::string disasm_text","","zInst(uint64_t address, std::vector<uint8_t> raw_bytes, uint32_t instruction_length, std::string asm_type, std::string disasm_text)"
"VmProtect/modules\elfkit\core\zInst.h","38","zInst","uint64_t","address","","const","uint64_t address() const"
"VmProtect/modules\elfkit\core\zInst.h","39","zInst","const std::vector<uint8_t>&","rawBytes","","const","const std::vector<uint8_t>& rawBytes() const"
"VmProtect/modules\elfkit\core\zInst.h","40","zInst","uint32_t","instructionLength","","const","uint32_t instructionLength() const"
"VmProtect/modules\elfkit\core\zInst.h","41","zInst","const std::string&","asmType","","const","const std::string& asmType() const"
"VmProtect/modules\elfkit\core\zInst.h","42","zInst","const std::string&","disasmText","","const","const std::string& disasmText() const"
"VmProtect/modules\elfkit\core\zInst.h","47","zInst","std::string","getInfo","","const","std::string getInfo() const"
"VmProtect/modules\elfkit\core\zSoBinBundle.h","34","zSoBinBundleWriter","static bool","writeExpandedSo","const char* input_so_path, const char* output_so_path, const std::vector<zSoBinPayload>& payloads, const std::vector<uint64_t>& shared_branch_addrs","","static bool writeExpandedSo( const char* input_so_path, const char* output_so_path, const std::vector<zSoBinPayload>& payloads, const std::vector<uint64_t>& shared_branch_addrs )"
"VmProtect/modules\elfkit\patchbayModel\zPatchElf.h","59","PatchElf","","PatchElf","","","PatchElf()"
"VmProtect/modules\elfkit\patchbayModel\zPatchElf.h","66","PatchElf","explicit","PatchElf","const char* elf_file_name","","explicit PatchElf(const char* elf_file_name)"
"VmProtect/modules\elfkit\patchbayModel\zPatchElf.h","72","PatchElf","","~PatchElf","","","~PatchElf()"
"VmProtect/modules\elfkit\patchbayModel\zPatchElf.h","84","PatchElf","bool","loadElfFile","const char* elf_path","","bool loadElfFile(const char* elf_path)"
"VmProtect/modules\elfkit\patchbayModel\zPatchElf.h","90","PatchElf","void","printLayout","","","void printLayout()"
"VmProtect/modules\elfkit\patchbayModel\zPatchElf.h","99","PatchElf","bool","relocateAndExpandPht","int extra_entries, const char* output_path","","bool relocateAndExpandPht(int extra_entries, const char* output_path)"
"VmProtect/modules\elfkit\patchbayModel\zPatchElf.h","107","PatchElf","bool","reconstruct","","","bool reconstruct()"
"VmProtect/modules\elfkit\patchbayModel\zPatchElf.h","115","PatchElf","bool","save","const char* output_path","","bool save(const char* output_path)"
"VmProtect/modules\elfkit\patchbayModel\zPatchElf.h","120","PatchElf","bool","isLoaded","","const","bool isLoaded() const"
"VmProtect/modules\elfkit\patchbayModel\zPatchElf.h","125","PatchElf","size_t","fileImageSize","","const","size_t fileImageSize() const"
"VmProtect/modules\elfkit\patchbayModel\zPatchElf.h","130","PatchElf","const uint8_t*","fileImageData","","const","const uint8_t* fileImageData() const"
"VmProtect/modules\elfkit\patchbayModel\zPatchElf.h","138","PatchElf","bool","validate","std::string* error = nullptr","const","bool validate(std::string* error = nullptr) const"
"VmProtect/modules\elfkit\patchbayModel\zPatchElf.h","148","PatchElf","zElfHeader&","headerModel","","","zElfHeader& headerModel()"
"VmProtect/modules\elfkit\patchbayModel\zPatchElf.h","154","PatchElf","zElfProgramHeaderTable&","programHeaderModel","","","zElfProgramHeaderTable& programHeaderModel()"
"VmProtect/modules\elfkit\patchbayModel\zPatchElf.h","160","PatchElf","zElfSectionHeaderTable&","sectionHeaderModel","","","zElfSectionHeaderTable& sectionHeaderModel()"
"VmProtect/modules\elfkit\patchbayModel\zPatchElf.h","166","PatchElf","const zElfHeader&","headerModel","","const","const zElfHeader& headerModel() const"
"VmProtect/modules\elfkit\patchbayModel\zPatchElf.h","172","PatchElf","const zElfProgramHeaderTable&","programHeaderModel","","const","const zElfProgramHeaderTable& programHeaderModel() const"
"VmProtect/modules\elfkit\patchbayModel\zPatchElf.h","178","PatchElf","const zElfSectionHeaderTable&","sectionHeaderModel","","const","const zElfSectionHeaderTable& sectionHeaderModel() const"
"VmProtect/modules\elfkit\patchbayModel\zPatchElf.h","187","PatchElf","zProgramTableElement*","getProgramHeader","size_t idx","","zProgramTableElement* getProgramHeader(size_t idx)"
"VmProtect/modules\elfkit\patchbayModel\zPatchElf.h","192","PatchElf","const zProgramTableElement*","getProgramHeader","size_t idx","const","const zProgramTableElement* getProgramHeader(size_t idx) const"
"VmProtect/modules\elfkit\patchbayModel\zPatchElf.h","197","PatchElf","zProgramTableElement*","findFirstProgramHeader","Elf64_Word type","","zProgramTableElement* findFirstProgramHeader(Elf64_Word type)"
"VmProtect/modules\elfkit\patchbayModel\zPatchElf.h","202","PatchElf","const zProgramTableElement*","findFirstProgramHeader","Elf64_Word type","const","const zProgramTableElement* findFirstProgramHeader(Elf64_Word type) const"
"VmProtect/modules\elfkit\patchbayModel\zPatchElf.h","207","PatchElf","std::vector<zProgramTableElement*>","findAllProgramHeaders","Elf64_Word type","","std::vector<zProgramTableElement*> findAllProgramHeaders(Elf64_Word type)"
"VmProtect/modules\elfkit\patchbayModel\zPatchElf.h","212","PatchElf","std::vector<const zProgramTableElement*>","findAllProgramHeaders","Elf64_Word type","const","std::vector<const zProgramTableElement*> findAllProgramHeaders(Elf64_Word type) const"
"VmProtect/modules\elfkit\patchbayModel\zPatchElf.h","217","PatchElf","zSectionTableElement*","getSection","size_t idx","","zSectionTableElement* getSection(size_t idx)"
"VmProtect/modules\elfkit\patchbayModel\zPatchElf.h","222","PatchElf","const zSectionTableElement*","getSection","size_t idx","const","const zSectionTableElement* getSection(size_t idx) const"
"VmProtect/modules\elfkit\patchbayModel\zPatchElf.h","227","PatchElf","zSectionTableElement*","findSectionByName","const std::string& section_name","","zSectionTableElement* findSectionByName(const std::string& section_name)"
"VmProtect/modules\elfkit\patchbayModel\zPatchElf.h","232","PatchElf","const zSectionTableElement*","findSectionByName","const std::string& section_name","const","const zSectionTableElement* findSectionByName(const std::string& section_name) const"
"VmProtect/modules\elfkit\patchbayModel\zPatchElf.h","239","PatchElf","bool","addProgramHeader","const zProgramTableElement& ph, size_t* out_index = nullptr","","bool addProgramHeader(const zProgramTableElement& ph, size_t* out_index = nullptr)"
"VmProtect/modules\elfkit\patchbayModel\zPatchElf.h","250","PatchElf","bool","addSectionSimple","const std::string& name, Elf64_Word type, Elf64_Xword flags, Elf64_Xword addralign, const std::vector<uint8_t>& payload, size_t* out_index = nullptr","","bool addSectionSimple(const std::string& name, Elf64_Word type, Elf64_Xword flags, Elf64_Xword addralign, const std::vector<uint8_t>& payload, size_t* out_index = nullptr)"
"VmProtect/modules\elfkit\patchbayModel\zPatchElf.h","260","PatchElf","bool","addSectionPaddingByName","const std::string& section_name, size_t pad_size","","bool addSectionPaddingByName(const std::string& section_name, size_t pad_size)"
"VmProtect/modules\elfkit\patchbayModel\zPatchElf.h","265","PatchElf","bool","addSectionPaddingByIndex","size_t idx, size_t pad_size","","bool addSectionPaddingByIndex(size_t idx, size_t pad_size)"
"VmProtect/modules\elfkit\patchbayModel\zPatchElf.h","270","PatchElf","bool","addZeroFillToSegment","size_t idx, Elf64_Xword extra_memsz","","bool addZeroFillToSegment(size_t idx, Elf64_Xword extra_memsz)"
"VmProtect/modules\elfkit\patchbayModel\zPatchElf.h","278","PatchElf","bool","addSegment","Elf64_Word type, const std::string& flags_text, size_t* out_index = nullptr","","bool addSegment(Elf64_Word type, const std::string& flags_text, size_t* out_index = nullptr)"
"VmProtect/modules\elfkit\patchbayModel\zPatchElf.h","288","PatchElf","bool","addSection","const std::string& name, size_t load_segment_idx, size_t* out_index = nullptr","","bool addSection(const std::string& name, size_t load_segment_idx, size_t* out_index = nullptr)"
"VmProtect/modules\elfkit\patchbayModel\zPatchElf.h","295","PatchElf","bool","addSection","const std::string& name, size_t* out_index = nullptr","","bool addSection(const std::string& name, size_t* out_index = nullptr)"
"VmProtect/modules\elfkit\patchbayModel\zPatchElf.h","300","PatchElf","int","getFirstLoadSegment","","const","int getFirstLoadSegment() const"
"VmProtect/modules\elfkit\patchbayModel\zPatchElf.h","305","PatchElf","int","getLastLoadSegment","","const","int getLastLoadSegment() const"
"VmProtect/modules\elfkit\patchbayModel\zPatchElf.h","310","PatchElf","bool","relocate","const std::string& output_path","","bool relocate(const std::string& output_path)"
"VmProtect/modules\elfkit\patchbayModel\zPatchElf.h","315","PatchElf","bool","backup","","","bool backup()"
"VmProtect/modules\elfkit\patchbayModel\zPatchElf.h","388","PatchElf","bool","reconstructionImpl","","","bool reconstructionImpl()"
"VmProtect/modules\elfkit\patchbayModel\zPatchElf.h","397","PatchElf","bool","vaddrToFileOffset","Elf64_Addr vaddr, Elf64_Off* off","const","bool vaddrToFileOffset(Elf64_Addr vaddr, Elf64_Off* off) const"
"VmProtect/modules\elfkit\patchbayModel\zPatchElf.h","405","PatchElf","Elf64_Addr","fileOffsetToVaddr","Elf64_Off off","const","Elf64_Addr fileOffsetToVaddr(Elf64_Off off) const"
"VmProtect/modules\elfkit\patchbayModel\zPatchElf.h","412","PatchElf","uint64_t","currentMaxFileEnd","","const","uint64_t currentMaxFileEnd() const"
"VmProtect/modules\elfkit\patchbayModel\zPatchElf.h","419","PatchElf","uint64_t","currentMaxLoadVaddrEnd","","const","uint64_t currentMaxLoadVaddrEnd() const"
"VmProtect/modules\elfkit\patchbayModel\zPatchElfHeader.h","31","zElfHeader","bool","fromRaw","const uint8_t* data, size_t size","","bool fromRaw(const uint8_t* data, size_t size)"
"VmProtect/modules\elfkit\patchbayModel\zPatchElfHeader.h","37","zElfHeader","bool","isElf64AArch64","","const","bool isElf64AArch64() const"
"VmProtect/modules\elfkit\patchbayModel\zPatchElfLoader.h","21","PatchElf","bool","loadFileAndParse","PatchElf* elf, const char* elf_path","","bool loadFileAndParse(PatchElf* elf, const char* elf_path)"
"VmProtect/modules\elfkit\patchbayModel\zPatchElfUtils.h","46","zSectionTableElement","inline uint64_t","alignUpU64","uint64_t value, uint64_t align","","inline uint64_t alignUpU64(uint64_t value, uint64_t align)"
"VmProtect/modules\elfkit\patchbayModel\zPatchElfUtils.h","56","","inline Elf64_Off","alignUpOff","Elf64_Off value, Elf64_Off align","","inline Elf64_Off alignUpOff(Elf64_Off value, Elf64_Off align)"
"VmProtect/modules\elfkit\patchbayModel\zPatchElfUtils.h","64","","inline bool","addU64Checked","uint64_t a, uint64_t b, uint64_t* out","","inline bool addU64Checked(uint64_t a, uint64_t b, uint64_t* out)"
"VmProtect/modules\elfkit\patchbayModel\zPatchElfUtils.h","76","","inline bool","rangesOverlapU64","uint64_t a_begin, uint64_t a_size, uint64_t b_begin, uint64_t b_size","","inline bool rangesOverlapU64(uint64_t a_begin, uint64_t a_size, uint64_t b_begin, uint64_t b_size)"
"VmProtect/modules\elfkit\patchbayModel\zPatchElfUtils.h","96","","inline bool","containsAddrRangeU64","uint64_t base, uint64_t size, uint64_t addr, uint64_t addr_size","","inline bool containsAddrRangeU64(uint64_t base, uint64_t size, uint64_t addr, uint64_t addr_size)"
"VmProtect/modules\elfkit\patchbayModel\zPatchElfUtils.h","118","","inline bool","isPowerOfTwoU64","uint64_t value","","inline bool isPowerOfTwoU64(uint64_t value)"
"VmProtect/modules\elfkit\patchbayModel\zPatchElfUtils.h","123","","inline bool","isSpecialShndx","uint16_t shndx","","inline bool isSpecialShndx(uint16_t shndx)"
"VmProtect/modules\elfkit\patchbayModel\zPatchElfUtils.h","133","","inline bool","readU32LeBytes","const std::vector<uint8_t>& bytes, size_t off, uint32_t* out","","inline bool readU32LeBytes(const std::vector<uint8_t>& bytes, size_t off, uint32_t* out)"
"VmProtect/modules\elfkit\patchbayModel\zPatchElfUtils.h","139","","inline bool","writeU32LeBytes","std::vector<uint8_t>* bytes, size_t off, uint32_t value","","inline bool writeU32LeBytes(std::vector<uint8_t>* bytes, size_t off, uint32_t value)"
"VmProtect/modules\elfkit\patchbayModel\zPatchElfUtils.h","149","","uint64_t","inferRuntimePageSizeFromPhdrs","const std::vector<zProgramTableElement>& phs","","uint64_t inferRuntimePageSizeFromPhdrs( const std::vector<zProgramTableElement>& phs)"
"VmProtect/modules\elfkit\patchbayModel\zPatchElfUtils.h","153","","bool","loadSegmentMatchesSectionFlags","const zProgramTableElement& ph, const zSectionTableElement& section","","bool loadSegmentMatchesSectionFlags( const zProgramTableElement& ph, const zSectionTableElement& section)"
"VmProtect/modules\elfkit\patchbayModel\zPatchElfUtils.h","158","","bool","isDynamicPointerTag","Elf64_Sxword tag","","bool isDynamicPointerTag(Elf64_Sxword tag)"
"VmProtect/modules\elfkit\patchbayModel\zPatchElfUtils.h","161","","bool","collectDynamicTags","const PatchElf& elf, std::unordered_map<int64_t, uint64_t>* tags, std::string* error","","bool collectDynamicTags( const PatchElf& elf, std::unordered_map<int64_t, uint64_t>* tags, std::string* error)"
"VmProtect/modules\elfkit\patchbayModel\zPatchElfUtils.h","167","","bool","readDynamicEntriesFromPhdr","const PatchElf& elf, std::vector<Elf64_Dyn>* out_entries, Elf64_Off* out_off, Elf64_Xword* out_size, bool* out_has_pt_dynamic, std::string* error","","bool readDynamicEntriesFromPhdr( const PatchElf& elf, std::vector<Elf64_Dyn>* out_entries, Elf64_Off* out_off, Elf64_Xword* out_size, bool* out_has_pt_dynamic, std::string* error)"
"VmProtect/modules\elfkit\patchbayModel\zPatchElfValidator.h","17","PatchElf","static bool","validateBasic","const PatchElf& elf, std::string* error","","static bool validateBasic(const PatchElf& elf, std::string* error)"
"VmProtect/modules\elfkit\patchbayModel\zPatchElfValidator.h","20","PatchElf","static bool","validateProgramSegmentLayout","const PatchElf& elf, std::string* error","","static bool validateProgramSegmentLayout(const PatchElf& elf, std::string* error)"
"VmProtect/modules\elfkit\patchbayModel\zPatchElfValidator.h","23","PatchElf","static bool","validateSectionSegmentMapping","const PatchElf& elf, std::string* error","","static bool validateSectionSegmentMapping(const PatchElf& elf, std::string* error)"
"VmProtect/modules\elfkit\patchbayModel\zPatchElfValidator.h","26","PatchElf","static bool","validateSymbolResolution","const PatchElf& elf, std::string* error","","static bool validateSymbolResolution(const PatchElf& elf, std::string* error)"
"VmProtect/modules\elfkit\patchbayModel\zPatchElfValidator.h","29","PatchElf","static bool","validatePltGotRelocations","const PatchElf& elf, std::string* error","","static bool validatePltGotRelocations(const PatchElf& elf, std::string* error)"
"VmProtect/modules\elfkit\patchbayModel\zPatchElfValidator.h","32","PatchElf","static bool","validateReparseConsistency","const PatchElf& elf, std::string* error","","static bool validateReparseConsistency(const PatchElf& elf, std::string* error)"
"VmProtect/modules\elfkit\patchbayModel\zPatchElfValidator.h","35","PatchElf","static bool","validateAll","const PatchElf& elf, std::string* error","","static bool validateAll(const PatchElf& elf, std::string* error)"
"VmProtect/modules\elfkit\patchbayModel\zProgramEntry.h","42","zProgramTableElement","static zProgramTableElement","fromPhdr","const Elf64_Phdr& phdr","","static zProgramTableElement fromPhdr(const Elf64_Phdr& phdr)"
"VmProtect/modules\elfkit\patchbayModel\zProgramEntry.h","48","zProgramTableElement","Elf64_Phdr","toPhdr","","const","Elf64_Phdr toPhdr() const"
"VmProtect/modules\elfkit\patchbayModel\zProgramEntry.h","55","zProgramTableElement","bool","containsVaddr","Elf64_Addr addr","const","bool containsVaddr(Elf64_Addr addr) const"
"VmProtect/modules\elfkit\patchbayModel\zProgramEntry.h","62","zProgramTableElement","bool","containsFileOffset","Elf64_Off off","const","bool containsFileOffset(Elf64_Off off) const"
"VmProtect/modules\elfkit\patchbayModel\zProgramEntry.h","68","zProgramTableElement","bool","validateMemFileRelation","","const","bool validateMemFileRelation() const"
"VmProtect/modules\elfkit\patchbayModel\zProgramEntry.h","74","zProgramTableElement","uint64_t","fileEnd","","const","uint64_t fileEnd() const"
"VmProtect/modules\elfkit\patchbayModel\zProgramEntry.h","80","zProgramTableElement","uint64_t","vaddrEnd","","const","uint64_t vaddrEnd() const"
"VmProtect/modules\elfkit\patchbayModel\zProgramTable.h","28","zElfProgramHeaderTable","void","fromRaw","const Elf64_Phdr* raw, size_t count","","void fromRaw(const Elf64_Phdr* raw, size_t count)"
"VmProtect/modules\elfkit\patchbayModel\zProgramTable.h","34","zElfProgramHeaderTable","std::vector<Elf64_Phdr>","toRaw","","const","std::vector<Elf64_Phdr> toRaw() const"
"VmProtect/modules\elfkit\patchbayModel\zProgramTable.h","41","zElfProgramHeaderTable","int","findFirstByType","Elf64_Word type","const","int findFirstByType(Elf64_Word type) const"
"VmProtect/modules\elfkit\patchbayModel\zProgramTable.h","48","zElfProgramHeaderTable","std::vector<int>","findAllByType","Elf64_Word type","const","std::vector<int> findAllByType(Elf64_Word type) const"
"VmProtect/modules\elfkit\patchbayModel\zSectionEntry.h","35","zSectionTableElement","virtual void","parseFromBytes","const uint8_t* data, size_t data_size","","virtual void parseFromBytes(const uint8_t* data, size_t data_size)"
"VmProtect/modules\elfkit\patchbayModel\zSectionEntry.h","38","zSectionTableElement","virtual std::vector<uint8_t>","toByteArray","","const","virtual std::vector<uint8_t> toByteArray() const"
"VmProtect/modules\elfkit\patchbayModel\zSectionEntry.h","41","zSectionTableElement","virtual void","syncHeader","","","virtual void syncHeader()"
"VmProtect/modules\elfkit\patchbayModel\zSectionEntry.h","44","zSectionTableElement","Elf64_Shdr","toShdr","","const","Elf64_Shdr toShdr() const"
"VmProtect/modules\elfkit\patchbayModel\zSectionEntry.h","47","zSectionTableElement","const std::string&","sectionName","","const","const std::string& sectionName() const"
"VmProtect/modules\elfkit\patchbayModel\zSectionEntry.h","50","zSectionTableElement","Elf64_Word","sectionType","","const","Elf64_Word sectionType() const"
"VmProtect/modules\elfkit\patchbayModel\zSectionEntry.h","53","zSectionTableElement","Elf64_Xword","sectionFlags","","const","Elf64_Xword sectionFlags() const"
"VmProtect/modules\elfkit\patchbayModel\zSectionEntry.h","56","zSectionTableElement","void","fromShdr","const Elf64_Shdr& shdr","","void fromShdr(const Elf64_Shdr& shdr)"
"VmProtect/modules\elfkit\patchbayModel\zSectionEntry.h","73","zStrTabSection","uint32_t","addString","const std::string& value","","uint32_t addString(const std::string& value)"
"VmProtect/modules\elfkit\patchbayModel\zSectionEntry.h","80","zStrTabSection","const char*","getStringAt","uint32_t off","const","const char* getStringAt(uint32_t off) const"
"VmProtect/modules\elfkit\patchbayModel\zSectionEntry.h","95","zSymbolSection","void","parseFromBytes","const uint8_t* data, size_t data_size","","void parseFromBytes(const uint8_t* data, size_t data_size)"
"VmProtect/modules\elfkit\patchbayModel\zSectionEntry.h","98","zSymbolSection","std::vector<uint8_t>","toByteArray","","const","std::vector<uint8_t> toByteArray() const"
"VmProtect/modules\elfkit\patchbayModel\zSectionEntry.h","101","zSymbolSection","void","syncHeader","","","void syncHeader()"
"VmProtect/modules\elfkit\patchbayModel\zSectionEntry.h","104","zSymbolSection","size_t","symbolCount","","const","size_t symbolCount() const"
"VmProtect/modules\elfkit\patchbayModel\zSectionEntry.h","119","zDynamicSection","void","parseFromBytes","const uint8_t* data, size_t data_size","","void parseFromBytes(const uint8_t* data, size_t data_size)"
"VmProtect/modules\elfkit\patchbayModel\zSectionEntry.h","122","zDynamicSection","std::vector<uint8_t>","toByteArray","","const","std::vector<uint8_t> toByteArray() const"
"VmProtect/modules\elfkit\patchbayModel\zSectionEntry.h","125","zDynamicSection","void","syncHeader","","","void syncHeader()"
"VmProtect/modules\elfkit\patchbayModel\zSectionEntry.h","128","zDynamicSection","size_t","entryCount","","const","size_t entryCount() const"
"VmProtect/modules\elfkit\patchbayModel\zSectionEntry.h","144","zRelocationSection","void","parseFromBytes","const uint8_t* data, size_t data_size","","void parseFromBytes(const uint8_t* data, size_t data_size)"
"VmProtect/modules\elfkit\patchbayModel\zSectionEntry.h","147","zRelocationSection","std::vector<uint8_t>","toByteArray","","const","std::vector<uint8_t> toByteArray() const"
"VmProtect/modules\elfkit\patchbayModel\zSectionEntry.h","150","zRelocationSection","void","syncHeader","","","void syncHeader()"
"VmProtect/modules\elfkit\patchbayModel\zSectionEntry.h","153","zRelocationSection","size_t","relocationCount","","const","size_t relocationCount() const"
"VmProtect/modules\elfkit\patchbayModel\zSectionTable.h","36","zElfSectionHeaderTable","bool","fromRaw","const uint8_t* file_data, size_t file_size, const Elf64_Shdr* section_headers, size_t section_count, uint16_t shstrndx","","bool fromRaw(const uint8_t* file_data, size_t file_size, const Elf64_Shdr* section_headers, size_t section_count, uint16_t shstrndx)"
"VmProtect/modules\elfkit\patchbayModel\zSectionTable.h","46","zElfSectionHeaderTable","std::vector<Elf64_Shdr>","toRaw","","const","std::vector<Elf64_Shdr> toRaw() const"
"VmProtect/modules\elfkit\patchbayModel\zSectionTable.h","53","zElfSectionHeaderTable","int","findByName","const std::string& section_name","const","int findByName(const std::string& section_name) const"
"VmProtect/modules\elfkit\patchbayModel\zSectionTable.h","60","zElfSectionHeaderTable","zSectionTableElement*","get","size_t idx","","zSectionTableElement* get(size_t idx)"
"VmProtect/modules\elfkit\patchbayModel\zSectionTable.h","67","zElfSectionHeaderTable","const zSectionTableElement*","get","size_t idx","const","const zSectionTableElement* get(size_t idx) const"
"VmProtect/modules\foundation\core\zIoUtils.h","15","","bool","fileExists","const std::string& path","","bool fileExists(const std::string& path)"
"VmProtect/modules\foundation\core\zIoUtils.h","17","","bool","ensureDirectory","const std::string& path","","bool ensureDirectory(const std::string& path)"
"VmProtect/modules\foundation\core\zIoUtils.h","19","","bool","readFileBytes","const char* path, std::vector<uint8_t>& out","","bool readFileBytes(const char* path, std::vector<uint8_t>& out)"
"VmProtect/modules\foundation\core\zIoUtils.h","21","","bool","writeFileBytes","const std::string& path, const std::vector<uint8_t>& data","","bool writeFileBytes(const std::string& path, const std::vector<uint8_t>& data)"
"VmProtect/modules\foundation\core\zLog.h","75","","void","zLogPrint","int level, const char* tag, const char* file_name, const char* function_name, int line_num, const char* format, ...","","void zLogPrint(int level, const char* tag, const char* file_name, const char* function_name, int line_num, const char* format, ...)"
"VmProtect/modules\patchbay\app\zPatchbayEntry.h","10","","bool","vmprotectIsPatchbayCommand","const char* cmd","","bool vmprotectIsPatchbayCommand(const char* cmd)"
"VmProtect/modules\patchbay\app\zPatchbayEntry.h","19","","int","vmprotectPatchbayEntry","int argc, char* argv[]","","int vmprotectPatchbayEntry(int argc, char* argv[])"
"VmProtect/modules\patchbay\domain\zPatchbayAliasTables.h","40","","bool","buildPatchbayAliasTables","const vmp::elfkit::zElfReadFacade& elf, const vmp::elfkit::PatchRequiredSections& required, const std::vector<AliasPair>& aliasPairs, AliasTableBuildResult* out, std::string* error","","bool buildPatchbayAliasTables(const vmp::elfkit::zElfReadFacade& elf, const vmp::elfkit::PatchRequiredSections& required, const std::vector<AliasPair>& aliasPairs, AliasTableBuildResult* out, std::string* error)"
"VmProtect/modules\patchbay\domain\zPatchbayExport.h","22","","bool","exportAliasSymbolsPatchbay","const char* inputPath, const char* outputPath, const std::vector<AliasPair>& aliasPairs, bool allowValidateFail, std::string* error","","bool exportAliasSymbolsPatchbay(const char* inputPath, const char* outputPath, const std::vector<AliasPair>& aliasPairs, bool allowValidateFail, std::string* error)"
"VmProtect/modules\patchbay\domain\zPatchbayPatchApply.h","31","","bool","applyPatchbayAliasPayload","const vmp::elfkit::PatchRequiredSections& required, const char* inputPath, const char* outputPath, const std::vector<uint8_t>& newDynsymBytes, const std::vector<uint8_t>& newDynstr, const std::vector<uint8_t>& newVersym, const std::vector<uint8_t>& newGnuHash, const std::vector<uint8_t>& newSysvHash, uint32_t slotUsedHint, bool allowValidateFail, bool* handled, std::string* error","","bool applyPatchbayAliasPayload(const vmp::elfkit::PatchRequiredSections& required, const char* inputPath, const char* outputPath, const std::vector<uint8_t>& newDynsymBytes, const std::vector<uint8_t>& newDynstr, const std::vector<uint8_t>& newVersym, const std::vector<uint8_t>& newGnuHash, const std::vector<uint8_t>& newSysvHash, uint32_t slotUsedHint, bool allowValidateFail, bool* handled, std::string* error)"
"VmProtect/modules\patchbay\domain\zPatchbayRules.h","17","","bool","isFunOrJavaSymbol","const std::string& name","","bool isFunOrJavaSymbol(const std::string& name)"
"VmProtect/modules\patchbay\domain\zPatchbayRules.h","25","","bool","isTakeoverSlotModeImpl","const char* implName","","bool isTakeoverSlotModeImpl(const char* implName)"
"VmProtect/modules\patchbay\domain\zPatchbayRules.h","32","","std::string","buildTakeoverSlotSymbolName","uint32_t slotId","","std::string buildTakeoverSlotSymbolName(uint32_t slotId)"
"VmProtect/modules\patchbay\domain\zPatchbayRules.h","44","","bool","validateVmengineExportNamingRules","const std::vector<std::string>& inputExports, std::string* error","","bool validateVmengineExportNamingRules(const std::vector<std::string>& inputExports, std::string* error)"
"VmProtect/modules\patchbay\domain\zPatchbayTypes.h","92","","","static_assert","sizeof(PatchBayHeader) == 148, ""PatchBayHeader layout mismatch""","","static_assert(sizeof(PatchBayHeader) == 148, ""PatchBayHeader layout mismatch"")"
"VmProtect/modules\patchbay\format\zPatchbayHash.h","17","","uint32_t","elfSysvHash","const char* name","","uint32_t elfSysvHash(const char* name)"
"VmProtect/modules\patchbay\format\zPatchbayHash.h","24","","uint32_t","chooseBucketCount","uint32_t nchain","","uint32_t chooseBucketCount(uint32_t nchain)"
"VmProtect/modules\patchbay\format\zPatchbayHash.h","32","","std::vector<uint8_t>","buildSysvHashPayloadFromBytes","const std::vector<Elf64_Sym>& dynsymSymbols, const std::vector<uint8_t>& dynstrBytes","","std::vector<uint8_t> buildSysvHashPayloadFromBytes(const std::vector<Elf64_Sym>& dynsymSymbols, const std::vector<uint8_t>& dynstrBytes)"
"VmProtect/modules\patchbay\format\zPatchbayHash.h","40","","uint32_t","elfGnuHash","const char* name","","uint32_t elfGnuHash(const char* name)"
"VmProtect/modules\patchbay\format\zPatchbayHash.h","48","","std::vector<uint8_t>","buildGnuHashPayloadFromBytes","const std::vector<Elf64_Sym>& dynsymSymbols, const std::vector<uint8_t>& dynstrBytes","","std::vector<uint8_t> buildGnuHashPayloadFromBytes(const std::vector<Elf64_Sym>& dynsymSymbols, const std::vector<uint8_t>& dynstrBytes)"
"VmProtect/modules\patchbay\format\zPatchbayLayout.h","19","","bool","validateElfTablesForAndroid","const std::vector<uint8_t>& fileBytes, std::string* error","","bool validateElfTablesForAndroid(const std::vector<uint8_t>& fileBytes, std::string* error)"
"VmProtect/modules\patchbay\foundation\zPatchbayCrc.h","19","","uint64_t","bitmaskForCountU32","uint32_t count","","uint64_t bitmaskForCountU32(uint32_t count)"
"VmProtect/modules\patchbay\foundation\zPatchbayCrc.h","34","","bool","computePatchbayCrcFromFile","const std::vector<uint8_t>& fileBytes, uint64_t patchbayOffset, const PatchBayHeader& header, uint32_t* outCrc, std::string* error","","bool computePatchbayCrcFromFile(const std::vector<uint8_t>& fileBytes, uint64_t patchbayOffset, const PatchBayHeader& header, uint32_t* outCrc, std::string* error)"
"VmProtect/modules\patchbay\foundation\zPatchbayIo.h","18","","bool","loadFileBytes","const char* path, std::vector<uint8_t>* out","","bool loadFileBytes(const char* path, std::vector<uint8_t>* out)"
"VmProtect/modules\patchbay\foundation\zPatchbayIo.h","27","","bool","saveFileBytes","const char* path, const std::vector<uint8_t>& bytes","","bool saveFileBytes(const char* path, const std::vector<uint8_t>& bytes)"
"VmProtect/modules\pipeline\core\zPipelineCli.h","16","","void","deduplicateKeepOrder","std::vector<std::string>& values","","void deduplicateKeepOrder(std::vector<std::string>& values)"
"VmProtect/modules\pipeline\core\zPipelineCli.h","18","","bool","parseCommandLine","int argc, char* argv[], CliOverrides& cli, std::string& error","","bool parseCommandLine(int argc, char* argv[], CliOverrides& cli, std::string& error)"
"VmProtect/modules\pipeline\core\zPipelineCli.h","20","","void","printUsage","","","void printUsage()"
"VmProtect/modules\pipeline\core\zPipelineCli.h","22","","std::string","joinOutputPath","const VmProtectConfig& config, const std::string& fileName","","std::string joinOutputPath(const VmProtectConfig& config, const std::string& fileName)"
"VmProtect/modules\pipeline\core\zPipelineCoverage.h","18","","bool","buildCoverageBoard","const std::vector<std::string>& functionNames, const std::vector<elfkit::FunctionView>& functions, CoverageBoard& board","","bool buildCoverageBoard(const std::vector<std::string>& functionNames, const std::vector<elfkit::FunctionView>& functions, CoverageBoard& board)"
"VmProtect/modules\pipeline\core\zPipelineCoverage.h","22","","bool","fillTranslationStatus","const std::vector<elfkit::FunctionView>& functions, CoverageBoard& board","","bool fillTranslationStatus(const std::vector<elfkit::FunctionView>& functions, CoverageBoard& board)"
"VmProtect/modules\pipeline\core\zPipelineCoverage.h","25","","bool","runCoverageAnalyzeFlow","const std::vector<std::string>& functionNames, const std::vector<elfkit::FunctionView>& functions, CoverageBoard& board","","bool runCoverageAnalyzeFlow(const std::vector<std::string>& functionNames, const std::vector<elfkit::FunctionView>& functions, CoverageBoard& board)"
"VmProtect/modules\pipeline\core\zPipelineCoverage.h","29","","bool","runCoverageReportFlow","const VmProtectConfig& config, const CoverageBoard& board","","bool runCoverageReportFlow(const VmProtectConfig& config, const CoverageBoard& board)"
"VmProtect/modules\pipeline\core\zPipelineCoverage.h","31","","bool","runCoverageFlow","const VmProtectConfig& config, const std::vector<std::string>& functionNames, const std::vector<elfkit::FunctionView>& functions, CoverageBoard* outBoard","","bool runCoverageFlow(const VmProtectConfig& config, const std::vector<std::string>& functionNames, const std::vector<elfkit::FunctionView>& functions, CoverageBoard* outBoard)"
"VmProtect/modules\pipeline\core\zPipelineCoverage.h","36","","bool","writeCoverageReport","const std::string& reportPath, const CoverageBoard& board","","bool writeCoverageReport(const std::string& reportPath, const CoverageBoard& board)"
"VmProtect/modules\pipeline\core\zPipelineExport.h","18","","bool","collectFunctions","elfkit::ElfImage& elf, const std::vector<std::string>& functionNames, std::vector<elfkit::FunctionView>& functions","","bool collectFunctions(elfkit::ElfImage& elf, const std::vector<std::string>& functionNames, std::vector<elfkit::FunctionView>& functions)"
"VmProtect/modules\pipeline\core\zPipelineExport.h","23","","bool","exportProtectedPackage","const VmProtectConfig& config, const std::vector<std::string>& functionNames, const std::vector<elfkit::FunctionView>& functions, const CoverageBoard* coverageBoard","","bool exportProtectedPackage(const VmProtectConfig& config, const std::vector<std::string>& functionNames, const std::vector<elfkit::FunctionView>& functions, const CoverageBoard* coverageBoard)"
"VmProtect/modules\pipeline\core\zPipelinePatch.h","14","","bool","runVmengineProtectFlow","const VmProtectConfig& config","","bool runVmengineProtectFlow(const VmProtectConfig& config)"
"VmProtect/modules\pipeline\core\zPipelineRun.h","18","","bool","isHardeningRoute","const VmProtectConfig& config","","bool isHardeningRoute(const VmProtectConfig& config)"
"VmProtect/modules\pipeline\core\zPipelineRun.h","20","","void","initDefaultConfig","VmProtectConfig& config","","void initDefaultConfig(VmProtectConfig& config)"
"VmProtect/modules\pipeline\core\zPipelineRun.h","22","","void","applyCliOverrides","const CliOverrides& cli, VmProtectConfig& config","","void applyCliOverrides(const CliOverrides& cli, VmProtectConfig& config)"
"VmProtect/modules\pipeline\core\zPipelineRun.h","24","","bool","validateConfig","const VmProtectConfig& config, const CliOverrides& cli","","bool validateConfig(const VmProtectConfig& config, const CliOverrides& cli)"
"VmProtect/modules\pipeline\core\zPipelineRun.h","26","","std::vector<std::string>","buildFunctionNameList","const VmProtectConfig& config, elfkit::ElfImage& elf","","std::vector<std::string> buildFunctionNameList(const VmProtectConfig& config, elfkit::ElfImage& elf)"
